aanbevelingID,zorgprofessionalID,clientID,productID
39280995-2913-4587-89d3-14ac554f182f,6fb93abf-1d71-481f-88f3-81f9f56efdb5,ff51619d-253e-402f-812c-21a7fb15b6b1,1163f08a-ddda-4822-b6a7-8108c3ff9160
7b3f6e34-211e-496b-b5fe-059776329f9c,6fb93abf-1d71-481f-88f3-81f9f56efdb5,af6706c1-d39e-4149-b3b2-4ae413c5fe13,561dfb83-be09-41bd-9812-043f40ebf94d
20f7ae15-91da-49c2-bb19-e9a508d2f6ff,6fb93abf-1d71-481f-88f3-81f9f56efdb5,af6706c1-d39e-4149-b3b2-4ae413c5fe13,7bf40470-39e5-4e60-81e2-0b0c90d3fcef
489fc044-e78d-4302-b422-5c86366801df,cc7e1412-b4b7-4dbb-aef3-84d8f7e449c7,c5a63de7-6742-4b26-a547-b575e1fb5303,1163f08a-ddda-4822-b6a7-8108c3ff9160
e09320f0-ac01-4b79-81a9-c96ce7426220,cc7e1412-b4b7-4dbb-aef3-84d8f7e449c7,c5a63de7-6742-4b26-a547-b575e1fb5303,1163f08a-ddda-4822-b6a7-8108c3ff9160
aa1a1929-66a0-4073-bf62-b5bbb0e8bd7b,cc7e1412-b4b7-4dbb-aef3-84d8f7e449c7,c5a63de7-6742-4b26-a547-b575e1fb5303,e8f1b229-c7e7-48cb-84f1-643a415c59a6
986986e3-f45f-4bcc-b254-d74a0814b58b,cc7e1412-b4b7-4dbb-aef3-84d8f7e449c7,c5a63de7-6742-4b26-a547-b575e1fb5303,e8f1b229-c7e7-48cb-84f1-643a415c59a6
28cede54-a96d-43cd-8e87-9173338b936a,60150a48-dbe4-4d85-9b85-0d71a0513aa3,97f0e69b-c8c7-4db9-a66e-256c38b4a526,dd49b898-2b3f-4601-98e9-8e0c23abf391
653a56e2-f4dd-412a-8057-d3f0fc588560,65b5f347-dce2-4409-9682-6f1b55a2e09a,2ccce2bc-2c79-49be-b246-6e2a48965b9d,7bf40470-39e5-4e60-81e2-0b0c90d3fcef
c2bc0865-ddc9-401d-98cd-8603213f533b,65b5f347-dce2-4409-9682-6f1b55a2e09a,2ccce2bc-2c79-49be-b246-6e2a48965b9d,8742e997-1d84-4ea4-ad35-c154c59d7493
fed58964-357b-4a05-9242-a4b7a13dde09,6408a979-d794-43a9-97f4-7ef40f13f62d,ad79d779-4ed7-47d0-9af0-3d3f43c559e7,e8f1b229-c7e7-48cb-84f1-643a415c59a6
1e6a3d0f-964b-49a0-b26a-1fb8025e094d,65b5f347-dce2-4409-9682-6f1b55a2e09a,2ccce2bc-2c79-49be-b246-6e2a48965b9d,e8f1b229-c7e7-48cb-84f1-643a415c59a6
dd79a674-3143-47e8-8865-48ade8c26dcc,6408a979-d794-43a9-97f4-7ef40f13f62d,ad79d779-4ed7-47d0-9af0-3d3f43c559e7,cd04c096-db72-4a61-a54b-fd192420bb4c
0778a29e-5c08-4ad5-96ce-a98fad167f8a,dd0f0c52-0cc3-45a4-9dbb-7e78731ad3c3,3080a6c1-b679-4e2c-92b9-46e0fb527ff1,3a3d8fd4-76c9-4455-9be0-06885aceab02
180c66f0-2de2-45b3-939b-cd7968572bc7,b1f9535f-8d88-45a0-9d6f-af08e8197d0d,3c11fb8f-3a1e-4dce-9a70-0e24636a7e8d,3a3d8fd4-76c9-4455-9be0-06885aceab02
46a0124e-5f5c-408e-9ef9-d89a3fd4f868,5b4c8d0e-f07f-4d8f-8a15-19b3b5968e66,3c11fb8f-3a1e-4dce-9a70-0e24636a7e8d,8c272e50-8d5b-4354-897d-290af587cc1d
6ef0e156-3c68-40ef-ae75-5074401b7555,0a6b62ef-ec5d-45a2-a29e-cc9a388ad745,ad79d779-4ed7-47d0-9af0-3d3f43c559e7,e8f1b229-c7e7-48cb-84f1-643a415c59a6
e827e86a-573f-43dc-bac5-4da49210899b,5db6869c-23c7-48cc-9e7a-71886bfae9e0,2ccce2bc-2c79-49be-b246-6e2a48965b9d,35537f9e-eb92-4392-bd47-55ff9ea13d57
a9e65a04-012f-4dd7-b889-cd8b187b8a1b,fd8c937a-33d4-44b1-ae4e-4af62b56dbd8,3c6d1897-1b33-4d29-85c7-4c810e7a204a,e584cc84-56f9-4b82-b08c-b225981b77cf
104fe985-96b3-42a7-b1a0-4e97c6890049,8be1e0db-7ff2-4c17-804a-259d59ababf6,47761694-76e4-44e3-9250-7c5f12f99c4f,dd49b898-2b3f-4601-98e9-8e0c23abf391
b86fd152-a2a3-49e2-ae36-82f01a919d93,8b5f14d4-dac9-4c44-a9b6-6e2e8f15fd4b,24df4452-9ec5-4a35-9712-1025dab83ce1,c91962af-c659-41d9-ba99-5f1825031520
99dfba95-a724-4cc6-9e49-3ce5b9222d76,20cc9275-8e8a-408d-b3db-52ac0dddaa43,5af7db71-bf94-43fe-8e1f-28996b3eaf75,35fdf7f3-0296-4cce-b491-8080b2d16c19
99d648df-5d97-47f4-9dbf-890cd7cb779c,20cc9275-8e8a-408d-b3db-52ac0dddaa43,5af7db71-bf94-43fe-8e1f-28996b3eaf75,35fdf7f3-0296-4cce-b491-8080b2d16c19
0f22b1fa-ee31-4663-9455-39e5932ec6c7,20cc9275-8e8a-408d-b3db-52ac0dddaa43,2ae4d94c-900e-46a5-9db1-6b07058ad535,35537f9e-eb92-4392-bd47-55ff9ea13d57
83799841-46c2-4e44-90e6-80a2da188b8c,20cc9275-8e8a-408d-b3db-52ac0dddaa43,5af7db71-bf94-43fe-8e1f-28996b3eaf75,11c91747-2010-48f7-829a-0df68be6eb95
109d6082-56f1-47f8-8fc4-ee0a5cf0062f,6408a979-d794-43a9-97f4-7ef40f13f62d,ad79d779-4ed7-47d0-9af0-3d3f43c559e7,35537f9e-eb92-4392-bd47-55ff9ea13d57
dbd3f10b-fd72-4d29-8e3a-535e573b7c43,6408a979-d794-43a9-97f4-7ef40f13f62d,ad79d779-4ed7-47d0-9af0-3d3f43c559e7,35537f9e-eb92-4392-bd47-55ff9ea13d57
77d84f72-2bb6-4626-b5d5-c31b01bea52f,65b5f347-dce2-4409-9682-6f1b55a2e09a,2ccce2bc-2c79-49be-b246-6e2a48965b9d,35537f9e-eb92-4392-bd47-55ff9ea13d57
5aca9793-60b6-4895-9092-03808bc9c230,65b5f347-dce2-4409-9682-6f1b55a2e09a,2ccce2bc-2c79-49be-b246-6e2a48965b9d,87d88637-5951-4b28-a5e2-490e0f33d020
40bbcf4f-5957-45c6-88b6-03b72a96497b,9c34e153-74b4-4a46-8d67-d7f84c2d47a0,3c6d1897-1b33-4d29-85c7-4c810e7a204a,dd49b898-2b3f-4601-98e9-8e0c23abf391
e4d51487-bb6e-45ff-8cfc-f81c83206d8b,9c34e153-74b4-4a46-8d67-d7f84c2d47a0,3c6d1897-1b33-4d29-85c7-4c810e7a204a,e584cc84-56f9-4b82-b08c-b225981b77cf
930dc2e4-f4ec-49fb-89ba-73e98e1e07a7,9c34e153-74b4-4a46-8d67-d7f84c2d47a0,3c6d1897-1b33-4d29-85c7-4c810e7a204a,dd49b898-2b3f-4601-98e9-8e0c23abf391
c9a1ee52-18f0-4d1a-ba48-185e524b22af,9c34e153-74b4-4a46-8d67-d7f84c2d47a0,808f50d2-fd43-45e1-b6be-35d8e8e93606,cd04c096-db72-4a61-a54b-fd192420bb4c
b716d4d5-03b1-417b-8c86-37444d77acdf,9c34e153-74b4-4a46-8d67-d7f84c2d47a0,808f50d2-fd43-45e1-b6be-35d8e8e93606,35537f9e-eb92-4392-bd47-55ff9ea13d57
e1c658a9-2814-46aa-a323-5afe05b36673,6fb93abf-1d71-481f-88f3-81f9f56efdb5,af6706c1-d39e-4149-b3b2-4ae413c5fe13,89da61c6-6172-4b05-b004-39e0897b6ac0
733d157d-a8b2-4791-9d8d-fa982b13c1db,afbe9dfe-5311-4d30-86a4-3e313e556bf7,47761694-76e4-44e3-9250-7c5f12f99c4f,cd04c096-db72-4a61-a54b-fd192420bb4c
2f0e0eb0-2c38-4a94-aee9-99cced8694cd,afbe9dfe-5311-4d30-86a4-3e313e556bf7,47761694-76e4-44e3-9250-7c5f12f99c4f,dd49b898-2b3f-4601-98e9-8e0c23abf391
98270a44-1d9f-48b4-a75e-c77ae640d4b9,afbe9dfe-5311-4d30-86a4-3e313e556bf7,47761694-76e4-44e3-9250-7c5f12f99c4f,35537f9e-eb92-4392-bd47-55ff9ea13d57
b6fd9fd5-135c-435f-b39b-40e8eca80cea,afbe9dfe-5311-4d30-86a4-3e313e556bf7,47761694-76e4-44e3-9250-7c5f12f99c4f,87d88637-5951-4b28-a5e2-490e0f33d020
13ec208f-3df9-408b-a2e3-3e2cb3e50970,b1f9535f-8d88-45a0-9d6f-af08e8197d0d,3c11fb8f-3a1e-4dce-9a70-0e24636a7e8d,3a3d8fd4-76c9-4455-9be0-06885aceab02
3bd4ee53-a300-4608-a604-e51cf710db83,dd0f0c52-0cc3-45a4-9dbb-7e78731ad3c3,2e7cdd22-6d64-4e43-a8c6-9c6d3f3a7b3e,8742e997-1d84-4ea4-ad35-c154c59d7493
3ace7b8a-87ee-4bf0-8643-0870a7e2da9f,b1f9535f-8d88-45a0-9d6f-af08e8197d0d,89989cbe-88b3-4179-8a7a-14b907c6d6b0,11c91747-2010-48f7-829a-0df68be6eb95
8a457d20-a66e-46f5-b304-408c67f2eb55,5b4c8d0e-f07f-4d8f-8a15-19b3b5968e66,3c11fb8f-3a1e-4dce-9a70-0e24636a7e8d,8c272e50-8d5b-4354-897d-290af587cc1d
08103b92-b106-49a1-aad8-b66ab9029eb8,fd8c937a-33d4-44b1-ae4e-4af62b56dbd8,3c6d1897-1b33-4d29-85c7-4c810e7a204a,6eb3e14c-83b1-42ba-a63f-352b6433ec3a
02939001-6a75-402d-8920-7eade1aa221c,fd8c937a-33d4-44b1-ae4e-4af62b56dbd8,3c6d1897-1b33-4d29-85c7-4c810e7a204a,dd49b898-2b3f-4601-98e9-8e0c23abf391
7668e068-4bd5-40a4-afc6-9ad939c3056f,9b7142a1-583f-4b6f-8c79-3421a6c4a5e5,2e7cdd22-6d64-4e43-a8c6-9c6d3f3a7b3e,8742e997-1d84-4ea4-ad35-c154c59d7493
446ac8d4-f7e2-4d24-a377-fef69bada7d7,9b7142a1-583f-4b6f-8c79-3421a6c4a5e5,2e7cdd22-6d64-4e43-a8c6-9c6d3f3a7b3e,c91962af-c659-41d9-ba99-5f1825031520
