aanbevelingID;zorgprofessionalID;productID;clientID
39280995-2913-4587-89d3-14ac554f182f;6fb93abf-1d71-481f-88f3-81f9f56efdb5;3e32faba-8f55-4d08-8b22-dddcba50aba2;4afc2ff3-fb79-44cd-a5d1-bd53055627a0
7b3f6e34-211e-496b-b5fe-059776329f9c;6fb93abf-1d71-481f-88f3-81f9f56efdb5;61bd918d-1e56-488b-b233-65e1a22f5fff;3cdee920-cdce-421c-85ec-ed40f7514b77
20f7ae15-91da-49c2-bb19-e9a508d2f6ff;6fb93abf-1d71-481f-88f3-81f9f56efdb5;52fd62d9-eafe-4209-8d5c-104299a81f49;31a9e3df-643a-4355-a5d7-e8320de4e909
489fc044-e78d-4302-b422-5c86366801df;cc7e1412-b4b7-4dbb-aef3-84d8f7e449c7;52fd62d9-eafe-4209-8d5c-104299a81f49;deb13c57-0df0-4678-a296-9321bcdbcd02
e09320f0-ac01-4b79-81a9-c96ce7426220;cc7e1412-b4b7-4dbb-aef3-84d8f7e449c7;52fd62d9-eafe-4209-8d5c-104299a81f49;e312f282-e44c-492f-b076-b23029da7129
aa1a1929-66a0-4073-bf62-b5bbb0e8bd7b;cc7e1412-b4b7-4dbb-aef3-84d8f7e449c7;3c725347-1301-4a19-a42e-962008971939;5ae256dd-9af8-4e6b-8815-a780ca6c7a7f
986986e3-f45f-4bcc-b254-d74a0814b58b;cc7e1412-b4b7-4dbb-aef3-84d8f7e449c7;3c725347-1301-4a19-a42e-962008971939;220eac56-6697-43b0-a4bb-f6e7d63b1bd5
28cede54-a96d-43cd-8e87-9173338b936a;60150a48-dbe4-4d85-9b85-0d71a0513aa3;657e87b1-c53c-4f62-8ad6-ce6c7d4a29e1;f84eb661-fc2a-4a15-bd89-2a8ffb353390
653a56e2-f4dd-412a-8057-d3f0fc588560;65b5f347-dce2-4409-9682-6f1b55a2e09a;657e87b1-c53c-4f62-8ad6-ce6c7d4a29e1;21c048d4-753e-46d4-b5d0-73d10fc1608b
c2bc0865-ddc9-401d-98cd-8603213f533b;65b5f347-dce2-4409-9682-6f1b55a2e09a;97099447-ea1e-4c98-a465-d3c8fb39c7ed;90dc3281-fac3-40d3-a07e-ffffa04d6a75
fed58964-357b-4a05-9242-a4b7a13dde09;6408a979-d794-43a9-97f4-7ef40f13f62d;97099447-ea1e-4c98-a465-d3c8fb39c7ed;a3fb39c9-3338-4cde-b54b-fe3ff767d90b
1e6a3d0f-964b-49a0-b26a-1fb8025e094d;65b5f347-dce2-4409-9682-6f1b55a2e09a;8292c12a-709a-4a50-b9bf-46aad0b2c861;87469645-8cd9-418b-a049-56589c574e80
dd79a674-3143-47e8-8865-48ade8c26dcc;6408a979-d794-43a9-97f4-7ef40f13f62d;a675d3af-5e3d-44c9-bd15-f06ad1513c98;c27ca61a-00c5-4dd6-b126-cb1b4de4344d
0778a29e-5c08-4ad5-96ce-a98fad167f8a;dd0f0c52-0cc3-45a4-9dbb-7e78731ad3c3;a675d3af-5e3d-44c9-bd15-f06ad1513c98;17bc9d9b-328b-44c4-adda-4448ab8b5ed8
180c66f0-2de2-45b3-939b-cd7968572bc7;b1f9535f-8d88-45a0-9d6f-af08e8197d0d;a675d3af-5e3d-44c9-bd15-f06ad1513c98;aeecf13a-6d24-47a0-9153-58b916c48242
46a0124e-5f5c-408e-9ef9-d89a3fd4f868;5b4c8d0e-f07f-4d8f-8a15-19b3b5968e66;8e86f17b-7e5f-46a9-8e2b-766178c57eea;2af4a77b-e851-484b-9158-e5693d9041f0
6ef0e156-3c68-40ef-ae75-5074401b7555;0a6b62ef-ec5d-45a2-a29e-cc9a388ad745;a54b3dcb-00be-45ea-b598-596adec1b3d4;619328bc-cabe-4be2-afc2-980274becf24
e827e86a-573f-43dc-bac5-4da49210899b;5db6869c-23c7-48cc-9e7a-71886bfae9e0;7ff77f9b-8c42-47e4-9896-9389d8341a83;410ce62e-3113-43fd-8b7a-59bcc02c7929
a9e65a04-012f-4dd7-b889-cd8b187b8a1b;fd8c937a-33d4-44b1-ae4e-4af62b56dbd8;7ff77f9b-8c42-47e4-9896-9389d8341a83;f2f4d057-4716-423c-8451-0115e2076eb8
104fe985-96b3-42a7-b1a0-4e97c6890049;8be1e0db-7ff2-4c17-804a-259d59ababf6;17ef80af-48e4-4061-b73c-728592b906a7;2fcf0820-dab3-43db-bf59-3aeffec134b9
b86fd152-a2a3-49e2-ae36-82f01a919d93;8b5f14d4-dac9-4c44-a9b6-6e2e8f15fd4b;17ef80af-48e4-4061-b73c-728592b906a7;5060eb01-39ca-49c0-b8b0-317ae3fdee51
99dfba95-a724-4cc6-9e49-3ce5b9222d76;20cc9275-8e8a-408d-b3db-52ac0dddaa43;12dd320a-cfa8-4b27-a36f-736e8bf707b9;91b871d8-3fe0-433d-af63-01726b2eeecd
99d648df-5d97-47f4-9dbf-890cd7cb779c;20cc9275-8e8a-408d-b3db-52ac0dddaa43;fc7cfc03-6ea0-4f82-af3e-d2b6fe9cc779;1a08a2ca-694d-428f-bbbf-6ba0c756076f
0f22b1fa-ee31-4663-9455-39e5932ec6c7;20cc9275-8e8a-408d-b3db-52ac0dddaa43;fc7cfc03-6ea0-4f82-af3e-d2b6fe9cc779;6c2e363d-a766-4469-a7a8-df5cc8afe059
83799841-46c2-4e44-90e6-80a2da188b8c;20cc9275-8e8a-408d-b3db-52ac0dddaa43;655928c3-fe1f-4c3c-acad-9d95b8a02344;d03342c4-10fb-484c-bf4a-db80e5423c98
109d6082-56f1-47f8-8fc4-ee0a5cf0062f;6408a979-d794-43a9-97f4-7ef40f13f62d;655928c3-fe1f-4c3c-acad-9d95b8a02344;2d365f36-34fe-4423-94a9-b68146c2ec05
dbd3f10b-fd72-4d29-8e3a-535e573b7c43;6408a979-d794-43a9-97f4-7ef40f13f62d;655928c3-fe1f-4c3c-acad-9d95b8a02344;a3b403b1-d0a2-409b-b0dd-f18aaa5645cc
77d84f72-2bb6-4626-b5d5-c31b01bea52f;65b5f347-dce2-4409-9682-6f1b55a2e09a;7883fbb8-f906-4399-af47-36ce4a3eea8e;52b55768-0c07-443b-87fe-e1bd4ca38e88
5aca9793-60b6-4895-9092-03808bc9c230;65b5f347-dce2-4409-9682-6f1b55a2e09a;7883fbb8-f906-4399-af47-36ce4a3eea8e;a4b708f2-4bea-4630-a504-3b727de278b6
40bbcf4f-5957-45c6-88b6-03b72a96497b;9c34e153-74b4-4a46-8d67-d7f84c2d47a0;70b6de8c-fcf0-405e-9be7-7482cdc2bfb6;5207a6aa-db53-419d-8e0e-f7f60df166cb
e4d51487-bb6e-45ff-8cfc-f81c83206d8b;9c34e153-74b4-4a46-8d67-d7f84c2d47a0;404e3737-d137-4e81-a6ab-a21a5eb403d8;f4625656-f2cb-4183-8de7-0d6ed76ae5c3
930dc2e4-f4ec-49fb-89ba-73e98e1e07a7;9c34e153-74b4-4a46-8d67-d7f84c2d47a0;404e3737-d137-4e81-a6ab-a21a5eb403d8;8a0530b0-e931-4a7c-989f-60f80e28f39d
c9a1ee52-18f0-4d1a-ba48-185e524b22af;9c34e153-74b4-4a46-8d67-d7f84c2d47a0;8e860f56-7d88-45aa-aa13-c2cb93278806;9fb48385-b315-4d8b-8a76-56df43a52aba
b716d4d5-03b1-417b-8c86-37444d77acdf;9c34e153-74b4-4a46-8d67-d7f84c2d47a0;8e860f56-7d88-45aa-aa13-c2cb93278806;91af416b-5bfb-483b-b274-921b6a32d253
e1c658a9-2814-46aa-a323-5afe05b36673;6fb93abf-1d71-481f-88f3-81f9f56efdb5;8e860f56-7d88-45aa-aa13-c2cb93278806;0f42cc96-f1f9-495c-9fdc-4b9acbe60d04
733d157d-a8b2-4791-9d8d-fa982b13c1db;afbe9dfe-5311-4d30-86a4-3e313e556bf7;f15c65d0-9c6f-42dc-8f52-360f2931f5df;28dcdcf9-1693-4e3b-863a-fa3db48bde03
2f0e0eb0-2c38-4a94-aee9-99cced8694cd;afbe9dfe-5311-4d30-86a4-3e313e556bf7;f15c65d0-9c6f-42dc-8f52-360f2931f5df;170fbe46-a85b-4c81-af74-623bacf54d10
98270a44-1d9f-48b4-a75e-c77ae640d4b9;afbe9dfe-5311-4d30-86a4-3e313e556bf7;bbe90a00-f96f-43aa-90dd-383f880dbed0;823238d6-9aa1-470e-ae46-845c35d193b0
b6fd9fd5-135c-435f-b39b-40e8eca80cea;afbe9dfe-5311-4d30-86a4-3e313e556bf7;81db9350-a69f-4a57-ba57-2c4cc44dfae7;3e5f36ca-67dc-4412-a9bd-59ba9411b2bc
13ec208f-3df9-408b-a2e3-3e2cb3e50970;b1f9535f-8d88-45a0-9d6f-af08e8197d0d;81db9350-a69f-4a57-ba57-2c4cc44dfae7;03ec4e4b-50a3-45ca-8ea3-a65095f1ea0f
3bd4ee53-a300-4608-a604-e51cf710db83;dd0f0c52-0cc3-45a4-9dbb-7e78731ad3c3;36062595-f334-48ef-aa1e-e864f8c7fca1;762f9259-2a0c-4ae1-8087-3da251ebb87a
3ace7b8a-87ee-4bf0-8643-0870a7e2da9f;b1f9535f-8d88-45a0-9d6f-af08e8197d0d;a36e2361-3e17-4c1e-af66-63876e46fcf0;7a010c47-b36b-4e2f-afc8-2467d1816304
8a457d20-a66e-46f5-b304-408c67f2eb55;5b4c8d0e-f07f-4d8f-8a15-19b3b5968e66;a054df2c-cd04-460e-9e8a-866d96aed943;cc12a9c1-c322-4c85-b139-65c9d88d508a
08103b92-b106-49a1-aad8-b66ab9029eb8;fd8c937a-33d4-44b1-ae4e-4af62b56dbd8;a054df2c-cd04-460e-9e8a-866d96aed943;91cdcf1a-b88a-4e20-8a61-3b9c9ebafc6b
02939001-6a75-402d-8920-7eade1aa221c;fd8c937a-33d4-44b1-ae4e-4af62b56dbd8;7aaba739-35c6-4c0e-b4ac-9cc63949af7d;bc273264-d8a5-4a01-a183-1af0fe343959
7668e068-4bd5-40a4-afc6-9ad939c3056f;9b7142a1-583f-4b6f-8c79-3421a6c4a5e5;7aaba739-35c6-4c0e-b4ac-9cc63949af7d;bf36dcda-6638-4745-9526-a447a297c821