zorgprofessionalID;clientID
dd0f0c52-0cc3-45a4-9dbb-7e78731ad3c3;4afc2ff3-fb79-44cd-a5d1-bd53055627a0
9b7142a1-583f-4b6f-8c79-3421a6c4a5e5;3cdee920-cdce-421c-85ec-ed40f7514b77
6e7b67e9-d89b-46a9-867e-9b77077e4e48;31a9e3df-643a-4355-a5d7-e8320de4e909
36b853c0-7755-4044-9039-450ef079ba49;deb13c57-0df0-4678-a296-9321bcdbcd02
dd0f0c52-0cc3-45a4-9dbb-7e78731ad3c3;e312f282-e44c-492f-b076-b23029da7129
9b7142a1-583f-4b6f-8c79-3421a6c4a5e5;5ae256dd-9af8-4e6b-8815-a780ca6c7a7f
6e7b67e9-d89b-46a9-867e-9b77077e4e48;220eac56-6697-43b0-a4bb-f6e7d63b1bd5
b1f9535f-8d88-45a0-9d6f-af08e8197d0d;f84eb661-fc2a-4a15-bd89-2a8ffb353390
fa06b8d2-828d-47c2-a049-0b943dbbcfa9;21c048d4-753e-46d4-b5d0-73d10fc1608b
277c8813-9e7b-4c0f-b0be-d48686c1af84;90dc3281-fac3-40d3-a07e-ffffa04d6a75
3dd2152f-1760-4505-ba85-0a6cfd9f82a7;a3fb39c9-3338-4cde-b54b-fe3ff767d90b
b1f9535f-8d88-45a0-9d6f-af08e8197d0d;87469645-8cd9-418b-a049-56589c574e80
fa06b8d2-828d-47c2-a049-0b943dbbcfa9;c27ca61a-00c5-4dd6-b126-cb1b4de4344d
277c8813-9e7b-4c0f-b0be-d48686c1af84;17bc9d9b-328b-44c4-adda-4448ab8b5ed8
5b4c8d0e-f07f-4d8f-8a15-19b3b5968e66;aeecf13a-6d24-47a0-9153-58b916c48242
29e9d63d-04ed-4d7f-953b-1b5db86bc6c1;2af4a77b-e851-484b-9158-e5693d9041f0
20cc9275-8e8a-408d-b3db-52ac0dddaa43;619328bc-cabe-4be2-afc2-980274becf24
db4eb9a7-6b27-44ad-8449-85546c16b9be;410ce62e-3113-43fd-8b7a-59bcc02c7929
5b4c8d0e-f07f-4d8f-8a15-19b3b5968e66;f2f4d057-4716-423c-8451-0115e2076eb8
29e9d63d-04ed-4d7f-953b-1b5db86bc6c1;2fcf0820-dab3-43db-bf59-3aeffec134b9
20cc9275-8e8a-408d-b3db-52ac0dddaa43;5060eb01-39ca-49c0-b8b0-317ae3fdee51
0a6b62ef-ec5d-45a2-a29e-cc9a388ad745;91b871d8-3fe0-433d-af63-01726b2eeecd
1e23b6c2-72a3-44c5-aecd-0c791f6022b9;1a08a2ca-694d-428f-bbbf-6ba0c756076f
6408a979-d794-43a9-97f4-7ef40f13f62d;6c2e363d-a766-4469-a7a8-df5cc8afe059
7ce6d3ff-9cbb-4b1c-93b0-0130e482a5d0;d03342c4-10fb-484c-bf4a-db80e5423c98
0a6b62ef-ec5d-45a2-a29e-cc9a388ad745;2d365f36-34fe-4423-94a9-b68146c2ec05
1e23b6c2-72a3-44c5-aecd-0c791f6022b9;a3b403b1-d0a2-409b-b0dd-f18aaa5645cc
6408a979-d794-43a9-97f4-7ef40f13f62d;52b55768-0c07-443b-87fe-e1bd4ca38e88
5db6869c-23c7-48cc-9e7a-71886bfae9e0;a4b708f2-4bea-4630-a504-3b727de278b6
9e7df8c9-4fb2-4f8b-8da2-5c6826be3a8f;5207a6aa-db53-419d-8e0e-f7f60df166cb
65b5f347-dce2-4409-9682-6f1b55a2e09a;f4625656-f2cb-4183-8de7-0d6ed76ae5c3
76a4dd84-029e-4be2-8043-1dd813f3d6e6;8a0530b0-e931-4a7c-989f-60f80e28f39d
5db6869c-23c7-48cc-9e7a-71886bfae9e0;9fb48385-b315-4d8b-8a76-56df43a52aba
9e7df8c9-4fb2-4f8b-8da2-5c6826be3a8f;91af416b-5bfb-483b-b274-921b6a32d253
65b5f347-dce2-4409-9682-6f1b55a2e09a;0f42cc96-f1f9-495c-9fdc-4b9acbe60d04
fd8c937a-33d4-44b1-ae4e-4af62b56dbd8;28dcdcf9-1693-4e3b-863a-fa3db48bde03
2fc7c3ad-8e81-4f9c-9b33-2465b2c3cc3b;170fbe46-a85b-4c81-af74-623bacf54d10
9c34e153-74b4-4a46-8d67-d7f84c2d47a0;823238d6-9aa1-470e-ae46-845c35d193b0
b8c8645f-687b-4a6b-ae2e-cc7a3c61c732;3e5f36ca-67dc-4412-a9bd-59ba9411b2bc
2fc7c3ad-8e81-4f9c-9b33-2465b2c3cc3b;03ec4e4b-50a3-45ca-8ea3-a65095f1ea0f
9c34e153-74b4-4a46-8d67-d7f84c2d47a0;762f9259-2a0c-4ae1-8087-3da251ebb87a
b8c8645f-687b-4a6b-ae2e-cc7a3c61c732;7a010c47-b36b-4e2f-afc8-2467d1816304
60150a48-dbe4-4d85-9b85-0d71a0513aa3;cc12a9c1-c322-4c85-b139-65c9d88d508a
cc7e1412-b4b7-4dbb-aef3-84d8f7e449c7;91cdcf1a-b88a-4e20-8a61-3b9c9ebafc6b
906cf0fb-8a29-47a9-9a7c-94b4e7ac154f;bc273264-d8a5-4a01-a183-1af0fe343959
60150a48-dbe4-4d85-9b85-0d71a0513aa3;bf36dcda-6638-4745-9526-a447a297c821